id;description;support_mail;support_phone;add_on_1;add_on_2;add_on_3
1;Metal programming;Granite;41843;Group e-business Cotton;granular Home Functionality;Metal
2;Human virtual Liaison;Awesome Wooden Table;93681;Martinique;proactive primary;Auto Loan Account e-enable Niue
3;fresh-thinking;Facilitator;62833;Alabama vertical;mission-critical payment open-source;Manager Generic
4;maximize Clothing driver;Grocery;76965;executive Credit Card Account;Analyst Health Response;Dale
5;users District Assurance;Liaison Texas;23183;foreground RSS;payment Beauty;Metal mint green bypassing
6;deposit;Home Loan Account;34620;zero tolerance invoice;aggregate;Gorgeous experiences program
7;Handmade Guinea Franc;ADP Iceland;89070;Granite;Rand Loti Colorado;Security South Carolina Sleek Plastic Table
8;Ergonomic;protocol;25218;Specialist;digital;Plastic
9;calculating;Object-based Tasty Concrete Cheese Gorgeous Rubber Chair;5158;Refined;Steel;Lebanon
10;Cambridgeshire Argentina bleeding-edge;ivory;71945;Guadeloupe;Village Palau cross-platform;Oklahoma interactive Wallis and Futuna
