id;status;order_id;payment_id;phone_code;customer_email;customer_phone;store_email;store_phone;date;amount;reference
1;Home Loan Account analyzer Forward;Cloned Awesome;Gorgeous Plastic Chicken Branding;81907;dynamic Rhode Island Unions;71850;Money Market Account Rubber;49589;2019-12-02T21:33:15;41753;Hawaii redundant B2B
2;Auto Loan Account mint green;quantifying Avon Fantastic;open-source;13062;Technician;53749;Automotive Tasty Soft Ball model;31996;2019-12-02T23:50:18;16682;24 hour orchid
3;override synthesizing migration;incubate Forward;back-end;44183;Officer;40242;alliance responsive;19391;2019-12-02T13:29:06;89018;Intranet
4;relationships;needs-based;Personal Loan Account withdrawal SMTP;24745;Rustic Cotton Cheese;51860;Lithuanian Litas Lodge lime;92871;2019-12-02T16:22:55;48875;scalable digital
5;Junctions;Mountains holistic Ergonomic;Berkshire XSS EXE;62179;Generic Concrete Chair Russian Federation;81119;Gambia dedicated;43339;2019-12-02T14:27:42;78381;discrete hacking maximize
6;Steel system;productize New York;synthesizing SSL Keyboard;65062;object-oriented Saint Helena multi-byte;69970;Dynamic SQL;73891;2019-12-03T04:04:32;96836;transform
7;motivating supply-chains architectures;connect;turn-key Auto Loan Account process improvement;73903;Books B2C;2227;bluetooth;11178;2019-12-03T09:30:00;22596;Rubber South Carolina
8;Sleek Steel Bike;transmit Tasty fresh-thinking;migration;59164;local Croatia intuitive;2411;JBOD;2486;2019-12-02T13:35:58;77323;open-source
9;Architect invoice Functionality;deposit Auto Loan Account;seize Rand Loti;2633;Fort Centralized capability;98692;driver system digital;16555;2019-12-02T16:30:35;28862;port Handcrafted Fresh Hat
10;Refined bandwidth transmitting;withdrawal;calculating Yemeni Rial online;17042;Mission;83264;Pants Jewelery;73705;2019-12-02T22:38:18;5592;SAS
