id;ticket_id;query;subject;customer_email;date
1;monitor Station Web;Rufiyaa AI capacitor;indexing interface;hard drive;2020-01-23T20:25:48
2;Product;Director;France;Frozen Handmade Fresh Keyboard;2020-01-23T09:25:24
3;Baby;magenta scalable;Ohio Croatian Kuna;ivory Handmade Wooden Shoes Refined Cotton Mouse;2020-01-23T16:59:02
4;calculate Connecticut;next generation monitor invoice;Malawi;leverage efficient;2020-01-23T14:27:42
5;deposit;Rustic Mauritius;Personal Loan Account;green connect projection;2020-01-23T10:31:42
6;Refined Euro Borders;Computer;dot-com Guatemala e-enable;Credit Card Account Bedfordshire;2020-01-23T14:42:29
7;New Mexico evolve;Generic Cotton Gloves Concrete HTTP;Public-key;vertical connect deposit;2020-01-23T08:16:02
8;Berkshire Cross-group;Hat support plum;Practical Awesome;capacitor;2020-01-23T18:19:01
9;Bike;artificial intelligence alarm;Connecticut Re-contextualized;Rubber Fish;2020-01-23T12:58:14
10;Table Hat tan;Cambridgeshire neural;robust Beauty Mexico;Movies optimize;2020-01-23T21:18:02
